"Source:","H:\_Moje_dydy\Documents\Projekty\__sources\piclock\kicad\nixiecock1\nixiecock1.kicad_sch"
"Date:","25.06.2022 10:36:41"
"Tool:","Eeschema (6.0.0)"
"Generator:","E:\Programy\KiCad\6.0\bin\scripting\plugins/bom_csv_grouped_by_value_with_fp.py"
"Component Count:","54"
"Ref","Qnty","Value","Cmp name","Footprint","Description","Vendor"
"C1, C2, ","2","22pF","C","Capacitor_THT:C_Disc_D3.0mm_W1.6mm_P2.50mm","Unpolarized capacitor",""
"C3, C4, ","2","0.1uF","C","Capacitor_THT:C_Disc_D5.0mm_W2.5mm_P2.50mm","Unpolarized capacitor",""
"D1, ","1","LED","LED","LED_THT:LED_D3.0mm","Light emitting diode",""
"J1, ","1","UART","Conn_01x02_Female","Connector_PinHeader_2.54mm:PinHeader_1x02_P2.54mm_Vertical","Generic connector, single row, 01x02, script generated (kicad-library-utils/schlib/autogen/connector/)",""
"J2, ","1","PWR","Conn_01x02_Male_3","Connector_JST:JST_XH_B2B-XH-A_1x02_P2.50mm_Vertical","Generic connector, single row, 01x02, script generated (kicad-library-utils/schlib/autogen/connector/)",""
"J3, ","1","I2C DATA","Conn_01x02_Male","Connector_JST:JST_XH_B2B-XH-A_1x02_P2.50mm_Vertical","Generic connector, single row, 01x02, script generated (kicad-library-utils/schlib/autogen/connector/)",""
"J4, ","1","BOOST C LV","Conn_01x03_Male","Connector_JST:JST_XH_B3B-XH-A_1x03_P2.50mm_Vertical","Generic connector, single row, 01x03, script generated (kicad-library-utils/schlib/autogen/connector/)",""
"J5, ","1","BOOST C HV","Conn_01x02_Male_2","Connector_JST:JST_XH_B2B-XH-A_1x02_P2.50mm_Vertical","Generic connector, single row, 01x02, script generated (kicad-library-utils/schlib/autogen/connector/)",""
"J6, ","1","NEON N0","Conn_01x02_Male_1","Connector_JST:JST_XH_B2B-XH-A_1x02_P2.50mm_Vertical","Generic connector, single row, 01x02, script generated (kicad-library-utils/schlib/autogen/connector/)",""
"J7, ","1","NEON N1","Conn_01x02_Male_1","Connector_JST:JST_XH_B2B-XH-A_1x02_P2.50mm_Vertical","Generic connector, single row, 01x02, script generated (kicad-library-utils/schlib/autogen/connector/)",""
"J8, ","1","L0","Conn_02x07_Counter_Clockwise","Connector_IDC:IDC-Header_2x07_P2.54mm_Vertical","Generic connector, double row, 02x07, counter clockwise pin numbering scheme (similar to DIP packge numbering), script generated (kicad-library-utils/schlib/autogen/connector/)",""
"J9, ","1","L1","Conn_02x07_Counter_Clockwise","Connector_IDC:IDC-Header_2x07_P2.54mm_Vertical","Generic connector, double row, 02x07, counter clockwise pin numbering scheme (similar to DIP packge numbering), script generated (kicad-library-utils/schlib/autogen/connector/)",""
"J10, ","1","L2","Conn_02x07_Counter_Clockwise","Connector_IDC:IDC-Header_2x07_P2.54mm_Vertical","Generic connector, double row, 02x07, counter clockwise pin numbering scheme (similar to DIP packge numbering), script generated (kicad-library-utils/schlib/autogen/connector/)",""
"J11, ","1","L3","Conn_02x07_Counter_Clockwise","Connector_IDC:IDC-Header_2x07_P2.54mm_Vertical","Generic connector, double row, 02x07, counter clockwise pin numbering scheme (similar to DIP packge numbering), script generated (kicad-library-utils/schlib/autogen/connector/)",""
"J12, ","1","L4","Conn_02x07_Counter_Clockwise","Connector_IDC:IDC-Header_2x07_P2.54mm_Vertical","Generic connector, double row, 02x07, counter clockwise pin numbering scheme (similar to DIP packge numbering), script generated (kicad-library-utils/schlib/autogen/connector/)",""
"J13, ","1","L5","Conn_02x07_Counter_Clockwise","Connector_IDC:IDC-Header_2x07_P2.54mm_Vertical","Generic connector, double row, 02x07, counter clockwise pin numbering scheme (similar to DIP packge numbering), script generated (kicad-library-utils/schlib/autogen/connector/)",""
"R1, R3, R4, R5, R6, R7, R8, R9, R10, R11, R12, ","11","330","R","Resistor_THT:R_Axial_DIN0207_L6.3mm_D2.5mm_P10.16mm_Horizontal","Resistor",""
"R2, ","1","10k","R","Resistor_THT:R_Axial_DIN0207_L6.3mm_D2.5mm_P10.16mm_Horizontal","Resistor",""
"RV1, RV2, RV9, RV10, ","4","200k","R_Potentiometer","Potentiometer_THT:Potentiometer_Bourns_3386F_Vertical","Potentiometer",""
"RV3, RV4, RV5, RV6, RV7, RV8, ","6","10k","R_Potentiometer","Potentiometer_THT:Potentiometer_Bourns_3386F_Vertical","Potentiometer",""
"SW1, ","1","RESET","SW_MEC_5E","Button_Switch_THT:SW_TH_Tactile_Omron_B3F-10xx","MEC 5E single pole normally-open tactile switch",""
"U1, ","1","ATmega328-P","ATmega328-P","Package_DIP:DIP-28_W7.62mm","20MHz, 32kB Flash, 2kB SRAM, 1kB EEPROM, DIP-28",""
"U2, ","1","K155NA1","K155NA1","Package_DIP:DIP-16_W7.62mm","Nixie tube driver // BCD to decimal",""
"U3, ","1","L COMMA OPTCPLR","SFH619A","SamacSys_Parts:DIP762W56P254L469H470Q4N","Vishay SFH619A DC Input Photodarlington Output Optocoupler, Through Hole, 4-Pin DIP",""
"U4, ","1","R COMMA OPTCPLR","SFH619A","SamacSys_Parts:DIP762W56P254L469H470Q4N","Vishay SFH619A DC Input Photodarlington Output Optocoupler, Through Hole, 4-Pin DIP",""
"U5, ","1","N0 NEON SWITCH","SFH619A","SamacSys_Parts:DIP762W56P254L469H470Q4N","Vishay SFH619A DC Input Photodarlington Output Optocoupler, Through Hole, 4-Pin DIP",""
"U6, ","1","N1 NEON SWITCH","SFH619A","SamacSys_Parts:DIP762W56P254L469H470Q4N","Vishay SFH619A DC Input Photodarlington Output Optocoupler, Through Hole, 4-Pin DIP",""
"U7, U8, U9, U10, U11, U12, ","6","SFH619A","SFH619A","SamacSys_Parts:DIP762W56P254L469H470Q4N","Vishay SFH619A DC Input Photodarlington Output Optocoupler, Through Hole, 4-Pin DIP",""
"X1, ","1","16Mhz","Crystal","Crystal:Crystal_HC49-4H_Vertical","Two pin crystal",""
